<?xml version="1.0" encoding="UTF-8"?>
<project-private xmlns="http://www.netbeans.org/ns/project-private/1">
    <editor-bookmarks xmlns="http://www.netbeans.org/ns/editor-bookmarks/2" lastBookmarkId="0"/>
    <open-files xmlns="http://www.netbeans.org/ns/projectui-open-files/2">
        <group>
            <file>file:/C:/Users/egebu/Documents/Operating%20Systems/os-coursework1/src/SJFScheduler.java</file>
            <file>file:/C:/Users/egebu/Documents/Operating%20Systems/os-coursework1/src/IdealSJFScheduler.java</file>
            <file>file:/C:/Users/egebu/Documents/Operating%20Systems/os-coursework1/src/BurstProcess.java</file>
            <file>file:/C:/Users/egebu/Documents/Operating%20Systems/os-coursework1/src/FcfsScheduler.java</file>
            <file>file:/C:/Users/egebu/Documents/Operating%20Systems/os-coursework1/src/Process.java</file>
            <file>file:/C:/Users/egebu/Documents/Operating%20Systems/os-coursework1/src/AbstractScheduler.java</file>
            <file>file:/C:/Users/egebu/Documents/Operating%20Systems/os-coursework1/src/FeedbackRRScheduler.java</file>
            <file>file:/C:/Users/egebu/Documents/Operating%20Systems/os-coursework1/src/RRScheduler.java</file>
            <file>file:/C:/Users/egebu/Documents/Operating%20Systems/os-coursework1/src/Simulator.java</file>
        </group>
    </open-files>
</project-private>
